{"cameraMode":{"drawMode":0,"name":"Shaded","section":"Shading Mode"},"sceneLighting":false,"audioPlay":false,"sceneViewState":{"m_AlwaysRefresh":false,"showFog":true,"showSkybox":false,"showFlares":true,"showImageEffects":true,"showParticleSystems":true,"showVisualEffectGraphs":true,"m_FxEnabled":true},"in2DMode":false,"pivot":{"x":43.290000915527347,"y":2.5323948860168459,"z":-16.932083129882814},"rotation":{"x":0.08415483683347702,"y":0.5599915981292725,"z":-0.05732569471001625,"w":0.8222413063049316},"size":2.671297550201416,"orthographic":true}