{"cameraMode":{"drawMode":0,"name":"Shaded","section":"Shading Mode"},"sceneLighting":false,"audioPlay":false,"sceneViewState":{"m_AlwaysRefresh":false,"showFog":true,"showSkybox":false,"showFlares":true,"showImageEffects":true,"showParticleSystems":true,"showVisualEffectGraphs":true,"m_FxEnabled":true},"in2DMode":false,"pivot":{"x":43.20824432373047,"y":0.6891223192214966,"z":-39.454612731933597},"rotation":{"x":-0.06184494495391846,"y":0.6899104714393616,"z":0.059267930686473849,"w":0.7188100814819336},"size":3.5898001194000246,"orthographic":false}