{"cameraMode":{"drawMode":0,"name":"Shaded","section":"Shading Mode"},"sceneLighting":false,"audioPlay":false,"sceneViewState":{"m_AlwaysRefresh":false,"showFog":true,"showSkybox":false,"showFlares":true,"showImageEffects":true,"showParticleSystems":true,"showVisualEffectGraphs":true,"m_FxEnabled":true},"in2DMode":false,"pivot":{"x":-6.739999771118164,"y":2.5323948860168459,"z":11.542084693908692},"rotation":{"x":-0.31540989875793459,"y":0.38166141510009768,"z":-0.14041432738304139,"w":-0.8574246168136597},"size":10.555479049682618,"orthographic":true}