{"cameraMode":{"drawMode":0,"name":"Shaded","section":"Shading Mode"},"sceneLighting":false,"audioPlay":false,"sceneViewState":{"m_AlwaysRefresh":false,"showFog":true,"showSkybox":false,"showFlares":true,"showImageEffects":true,"showParticleSystems":true,"showVisualEffectGraphs":true,"m_FxEnabled":true},"in2DMode":false,"pivot":{"x":32.894569396972659,"y":-5.6880717277526859,"z":-48.53752899169922},"rotation":{"x":-0.34605827927589419,"y":0.04051116853952408,"z":-0.014957820065319538,"w":-0.9372240900993347},"size":22.77142333984375,"orthographic":false}