{"cameraMode":{"drawMode":0,"name":"Shaded","section":"Shading Mode"},"sceneLighting":true,"audioPlay":false,"sceneViewState":{"m_AlwaysRefresh":false,"showFog":true,"showSkybox":true,"showFlares":true,"showImageEffects":true,"showParticleSystems":true,"showVisualEffectGraphs":true,"m_FxEnabled":true},"in2DMode":false,"pivot":{"x":49.459197998046878,"y":8.654534339904786,"z":-2.682403802871704},"rotation":{"x":0.006431534420698881,"y":0.6996168494224548,"z":-0.00629541976377368,"w":0.7144654989242554},"size":47.86973571777344,"orthographic":true}