{"cameraMode":{"drawMode":0,"name":"Shaded","section":"Shading Mode"},"sceneLighting":true,"audioPlay":false,"sceneViewState":{"m_AlwaysRefresh":false,"showFog":true,"showSkybox":true,"showFlares":true,"showImageEffects":true,"showParticleSystems":true,"showVisualEffectGraphs":true,"m_FxEnabled":true},"in2DMode":false,"pivot":{"x":11.037567138671875,"y":18.034475326538087,"z":4.987998008728027},"rotation":{"x":-0.17282776534557343,"y":0.8268071413040161,"z":-0.39178231358528139,"w":-0.36478281021118166},"size":20.951372146606447,"orthographic":true}