{"cameraMode":{"drawMode":0,"name":"Shaded","section":"Shading Mode"},"sceneLighting":true,"audioPlay":false,"sceneViewState":{"m_AlwaysRefresh":false,"showFog":true,"showSkybox":true,"showFlares":true,"showImageEffects":true,"showParticleSystems":true,"showVisualEffectGraphs":true,"m_FxEnabled":true},"in2DMode":false,"pivot":{"x":40.94664764404297,"y":29.74920654296875,"z":14.145896911621094},"rotation":{"x":-0.30832672119140627,"y":-0.29786089062690737,"z":0.10253958404064179,"w":-0.897733211517334},"size":14.170681953430176,"orthographic":true}