{"cameraMode":{"drawMode":0,"name":"Shaded","section":"Shading Mode"},"sceneLighting":true,"audioPlay":false,"sceneViewState":{"m_AlwaysRefresh":false,"showFog":true,"showSkybox":true,"showFlares":true,"showImageEffects":true,"showParticleSystems":true,"showVisualEffectGraphs":true,"m_FxEnabled":true},"in2DMode":false,"pivot":{"x":38.770057678222659,"y":5.7249860763549809,"z":-5.497043609619141},"rotation":{"x":0.2980019152164459,"y":0.43616995215415957,"z":-0.15571936964988709,"w":0.8347455859184265},"size":37.881317138671878,"orthographic":true}