{"cameraMode":{"drawMode":0,"name":"Shaded","section":"Shading Mode"},"sceneLighting":true,"audioPlay":false,"sceneViewState":{"m_AlwaysRefresh":false,"showFog":true,"showSkybox":true,"showFlares":true,"showImageEffects":true,"showParticleSystems":true,"showVisualEffectGraphs":true,"m_FxEnabled":true},"in2DMode":false,"pivot":{"x":33.45785903930664,"y":15.804753303527832,"z":-12.970134735107422},"rotation":{"x":0.26924559473991396,"y":0.36451050639152529,"z":-0.11099918186664581,"w":0.8845283389091492},"size":27.50745964050293,"orthographic":true}