{"cameraMode":{"drawMode":0,"name":"Shaded","section":"Shading Mode"},"sceneLighting":false,"audioPlay":false,"sceneViewState":{"m_AlwaysRefresh":false,"showFog":true,"showSkybox":false,"showFlares":true,"showImageEffects":true,"showParticleSystems":true,"showVisualEffectGraphs":true,"m_FxEnabled":true},"in2DMode":false,"pivot":{"x":19.513267517089845,"y":13.871983528137207,"z":-49.236297607421878},"rotation":{"x":0.4937742054462433,"y":0.14346326887607575,"z":-0.08298161625862122,"w":0.8536640405654907},"size":54.29121017456055,"orthographic":true}