{"cameraMode":{"drawMode":0,"name":"Shaded","section":"Shading Mode"},"sceneLighting":false,"audioPlay":false,"sceneViewState":{"m_AlwaysRefresh":false,"showFog":true,"showSkybox":false,"showFlares":true,"showImageEffects":true,"showParticleSystems":true,"showVisualEffectGraphs":true,"m_FxEnabled":true},"in2DMode":false,"pivot":{"x":-3.587754964828491,"y":-1.3516855239868165,"z":-51.274105072021487},"rotation":{"x":0.042891815304756168,"y":0.9064087271690369,"z":-0.4093623161315918,"w":0.09497638791799545},"size":38.255035400390628,"orthographic":false}